"ラーニング・パターン",http://learningpatterns.sfc.keio.ac.jp/index.html
"No.0 学びのデザイン",http://learningpatterns.sfc.keio.ac.jp/No0.html
"No.1 学びのチャンス",http://learningpatterns.sfc.keio.ac.jp/No1.html
"No.2 つくることによる学び",http://learningpatterns.sfc.keio.ac.jp/No2.html
"No.3 学びをひらく",http://learningpatterns.sfc.keio.ac.jp/No3.html
"No.4 まずはつかる",http://learningpatterns.sfc.keio.ac.jp/No4.html
"No.5 まねぶことから",http://learningpatterns.sfc.keio.ac.jp/No5.html
"No.6 教わり上手になる",http://learningpatterns.sfc.keio.ac.jp/No6.html
"No.7 アウトプットから始まる学び",http://learningpatterns.sfc.keio.ac.jp/No7.html
"No.8 外国語の普段使い",http://learningpatterns.sfc.keio.ac.jp/No8.html
"No.9 学びのなかの遊び",http://learningpatterns.sfc.keio.ac.jp/No9.html
"No.10 学びの竜巻",http://learningpatterns.sfc.keio.ac.jp/No10.html
"No.11 知のワクワク！",http://learningpatterns.sfc.keio.ac.jp/No11.html
"No.12 量は質を生む",http://learningpatterns.sfc.keio.ac.jp/No12.html
"No.13 身体で覚える",http://learningpatterns.sfc.keio.ac.jp/No13.html
"No.14 言語のシャワー",http://learningpatterns.sfc.keio.ac.jp/No14.html
"No.15 成長の発見",http://learningpatterns.sfc.keio.ac.jp/No15.html
"No.16 動きのなかで考える",http://learningpatterns.sfc.keio.ac.jp/No16.html
"No.17 プロトタイピング",http://learningpatterns.sfc.keio.ac.jp/No17.html
"No.18 フィールドに飛び込む",http://learningpatterns.sfc.keio.ac.jp/No18.html
"No.19 鳥の眼と虫の眼",http://learningpatterns.sfc.keio.ac.jp/No19.html
"No.20 隠れた関係性から学ぶ",http://learningpatterns.sfc.keio.ac.jp/No20.html
"No.21 広げながら掘り下げる",http://learningpatterns.sfc.keio.ac.jp/No21.html
"No.22 創造への情熱",http://learningpatterns.sfc.keio.ac.jp/No22.html
"No.23 右脳と左脳のスイッチ",http://learningpatterns.sfc.keio.ac.jp/No23.html
"No.24 小さく生んで大きく育てる",http://learningpatterns.sfc.keio.ac.jp/No24.html
"No.25 魅せる力",http://learningpatterns.sfc.keio.ac.jp/No25.html
"No.26 「書き上げた」は道半ば",http://learningpatterns.sfc.keio.ac.jp/No26.html
"No.27 ゴール前のアクセル",http://learningpatterns.sfc.keio.ac.jp/No27.html
"No.28 学びの共同体をつくる",http://learningpatterns.sfc.keio.ac.jp/No28.html
"No.29 偶有的な出会い",http://learningpatterns.sfc.keio.ac.jp/No29.html
"No.30 ライバルをつくる",http://learningpatterns.sfc.keio.ac.jp/No30.html
